<?xml version="1.0" encoding="UTF-8"?>
<configuration scanPeriod="1 minutes" debug="false">
	<!--appender name="CONSOLE" class="ch.qos.logback.core.ConsoleAppender"> 
		<encoder> <charset>EUC-KR</charset> <Pattern>%d{HH:mm} %-5level %logger{36} 
		- %msg%n</Pattern> </encoder> </appender -->
		
	<statusListener class="ch.qos.logback.core.status.NopStatusListener" /> <!-- logback 자체 로깅 중지 -->
	<appender name="FILE"
		class="ch.qos.logback.core.rolling.RollingFileAppender">
		<file>labatory.log</file>
		<rollingPolicy class="ch.qos.logback.core.rolling.TimeBasedRollingPolicy">
			<fileNamePattern>labatory.%d{yyyy-MM-dd}.log</fileNamePattern>
			<maxHistory>30</maxHistory>
		</rollingPolicy>
		<encoder>
			<charset>UTF-8</charset>
			<Pattern>%d{HH:mm} %-5level %logger{36} - %msg%n</Pattern>
		</encoder>
	</appender>

	<root level="off">

	</root>
</configuration>